source_row,condition,window_index,oof_prediction
1250,c25,0,c75
1251,c25,1,c25
1252,c25,2,c25
1253,c25,3,c75
1254,c25,4,c25
1255,c25,5,c25
1256,c25,6,c25
1257,c25,7,c25
1258,c25,8,c25
1259,c25,9,unb
1260,c25,10,c25
1261,c25,11,c25
1262,c25,12,c25
1263,c25,13,c25
1264,c25,14,c25
1265,c25,15,unb
1266,c25,16,c25
1267,c25,17,c25
1268,c25,18,c25
1269,c25,19,c25
1270,c25,20,c25
1271,c25,21,c25
1272,c25,22,c25
1273,c25,23,c25
1274,c25,24,c25
1275,c25,25,c75
1276,c25,26,c75
1277,c25,27,c25
1278,c25,28,c25
1279,c25,29,c25
1280,c25,30,c25
1281,c25,31,c25
1282,c25,32,c25
1283,c25,33,c25
1284,c25,34,c25
1285,c25,35,c25
1286,c25,36,c25
1287,c25,37,c25
1288,c25,38,c75
1289,c25,39,c25
1290,c25,40,c25
1291,c25,41,c25
1292,c25,42,c25
1293,c25,43,c25
1294,c25,44,c25
1295,c25,45,c75
1296,c25,46,c25
1297,c25,47,c25
1298,c25,48,c25
1299,c25,49,c25
1300,c25,50,c25
1301,c25,51,c25
1302,c25,52,c25
1303,c25,53,c25
1304,c25,54,c25
1305,c25,55,c25
1306,c25,56,c25
1307,c25,57,c25
1308,c25,58,c25
1309,c25,59,c25
1310,c25,60,c25
1311,c25,61,c25
1312,c25,62,c25
1313,c25,63,c25
1314,c25,64,c25
1315,c25,65,c75
1316,c25,66,c25
1317,c25,67,c25
1318,c25,68,c25
1319,c25,69,c25
1320,c25,70,c25
1321,c25,71,c25
1322,c25,72,c25
1323,c25,73,c25
1324,c25,74,c25
1325,c25,75,c75
1326,c25,76,c25
1327,c25,77,c25
1328,c25,78,c25
1329,c25,79,c25
1330,c25,80,c25
1331,c25,81,c25
1332,c25,82,c25
1333,c25,83,c25
1334,c25,84,c25
1335,c25,85,c25
1336,c25,86,c25
1337,c25,87,c25
1338,c25,88,c25
1339,c25,89,c25
1340,c25,90,c25
1341,c25,91,c25
1342,c25,92,c25
1343,c25,93,c75
1344,c25,94,c25
1345,c25,95,c25
1346,c25,96,c25
1347,c25,97,c25
1348,c25,98,c25
1349,c25,99,unb
1350,c25,100,c25
1351,c25,101,c25
1352,c25,102,c25
1353,c25,103,c25
1354,c25,104,c25
1355,c25,105,c25
1356,c25,106,c25
1357,c25,107,c25
1358,c25,108,c25
1359,c25,109,c25
1360,c25,110,c25
1361,c25,111,c25
1362,c25,112,c75
1363,c25,113,c75
1364,c25,114,c75
1365,c25,115,c25
1366,c25,116,c25
1367,c25,117,c25
1368,c25,118,c25
1369,c25,119,c25
1370,c25,120,c25
1371,c25,121,c25
1372,c25,122,c25
1373,c25,123,c25
1374,c25,124,c25
1375,c25,125,c25
1376,c25,126,c25
1377,c25,127,c25
1378,c25,128,c25
1379,c25,129,c25
1380,c25,130,c25
1381,c25,131,unb
1382,c25,132,c75
1383,c25,133,c25
1384,c25,134,c75
1385,c25,135,c25
1386,c25,136,c25
1387,c25,137,c25
1388,c25,138,c25
1389,c25,139,c25
1390,c25,140,c25
1391,c25,141,c25
1392,c25,142,c25
1393,c25,143,c25
1394,c25,144,c25
1395,c25,145,c25
1396,c25,146,c25
1397,c25,147,c25
1398,c25,148,c75
1399,c25,149,c75
1400,c25,150,c75
1401,c25,151,c75
1402,c25,152,c75
1403,c25,153,c75
1404,c25,154,c25
1405,c25,155,c75
1406,c25,156,c75
1407,c25,157,c25
1408,c25,158,c25
1409,c25,159,c25
1410,c25,160,c25
1411,c25,161,c25
1412,c25,162,c25
1413,c25,163,c25
1414,c25,164,c25
1415,c25,165,c25
1416,c25,166,c25
1417,c25,167,c25
1418,c25,168,c25
1419,c25,169,c25
1420,c25,170,c25
1421,c25,171,c25
1422,c25,172,c75
1423,c25,173,c25
1424,c25,174,c25
1425,c25,175,c25
1426,c25,176,c25
1427,c25,177,c75
1428,c25,178,c75
1429,c25,179,c25
1430,c25,180,c25
1431,c25,181,c25
1432,c25,182,c25
1433,c25,183,c25
1434,c25,184,c25
1435,c25,185,c25
1436,c25,186,c25
1437,c25,187,c25
1438,c25,188,c75
1439,c25,189,c25
1440,c25,190,c25
1441,c25,191,c25
1442,c25,192,unb
1443,c25,193,unb
1444,c25,194,c25
1445,c25,195,c25
1446,c25,196,c25
1447,c25,197,c25
1448,c25,198,c25
1449,c25,199,c25
1450,c25,200,c25
1451,c25,201,c25
1452,c25,202,c25
1453,c25,203,c75
1454,c25,204,c25
1455,c25,205,c25
1456,c25,206,c75
1457,c25,207,c75
1458,c25,208,c25
1459,c25,209,c25
1460,c25,210,c25
1461,c25,211,c25
1462,c25,212,c25
1463,c25,213,c25
1464,c25,214,c25
1465,c25,215,c25
1466,c25,216,c75
1467,c25,217,c25
1468,c25,218,c25
1469,c25,219,c75
1470,c25,220,c75
1471,c25,221,c25
1472,c25,222,c75
1473,c25,223,c75
1474,c25,224,c75
1475,c25,225,c25
1476,c25,226,unb
1477,c25,227,unb
1478,c25,228,c75
1479,c25,229,c75
1480,c25,230,c75
1481,c25,231,c25
1482,c25,232,c25
1483,c25,233,c25
1484,c25,234,c25
1485,c25,235,c25
1486,c25,236,c75
1487,c25,237,c25
1488,c25,238,c75
1489,c25,239,c25
1490,c25,240,c25
1491,c25,241,c25
1492,c25,242,c25
1493,c25,243,c25
1494,c25,244,c25
1495,c25,245,c25
1496,c25,246,c25
1497,c25,247,c25
1498,c25,248,c25
1499,c25,249,c25
1500,c75,0,c25
1501,c75,1,c25
1502,c75,2,c75
1503,c75,3,c25
1504,c75,4,c25
1505,c75,5,c25
1506,c75,6,c25
1507,c75,7,c25
1508,c75,8,c25
1509,c75,9,c25
1510,c75,10,c75
1511,c75,11,c75
1512,c75,12,c75
1513,c75,13,c25
1514,c75,14,c25
1515,c75,15,c25
1516,c75,16,c75
1517,c75,17,c75
1518,c75,18,c25
1519,c75,19,c75
1520,c75,20,c75
1521,c75,21,c75
1522,c75,22,c75
1523,c75,23,c75
1524,c75,24,c75
1525,c75,25,c75
1526,c75,26,c75
1527,c75,27,c75
1528,c75,28,c75
1529,c75,29,c75
1530,c75,30,c25
1531,c75,31,c25
1532,c75,32,c75
1533,c75,33,c25
1534,c75,34,c25
1535,c75,35,c25
1536,c75,36,c25
1537,c75,37,c25
1538,c75,38,c25
1539,c75,39,c75
1540,c75,40,c75
1541,c75,41,c25
1542,c75,42,c75
1543,c75,43,c75
1544,c75,44,c75
1545,c75,45,c75
1546,c75,46,c75
1547,c75,47,c25
1548,c75,48,c25
1549,c75,49,c75
1550,c75,50,c25
1551,c75,51,c75
1552,c75,52,c75
1553,c75,53,c25
1554,c75,54,c25
1555,c75,55,unb
1556,c75,56,unb
1557,c75,57,c75
1558,c75,58,c75
1559,c75,59,c25
1560,c75,60,c25
1561,c75,61,c25
1562,c75,62,c75
1563,c75,63,c75
1564,c75,64,c75
1565,c75,65,c75
1566,c75,66,c75
1567,c75,67,c75
1568,c75,68,c75
1569,c75,69,c75
1570,c75,70,c75
1571,c75,71,c25
1572,c75,72,unb
1573,c75,73,c75
1574,c75,74,c75
1575,c75,75,c75
1576,c75,76,c75
1577,c75,77,c25
1578,c75,78,c25
1579,c75,79,c25
1580,c75,80,c25
1581,c75,81,c25
1582,c75,82,c75
1583,c75,83,c75
1584,c75,84,c25
1585,c75,85,c75
1586,c75,86,c75
1587,c75,87,c75
1588,c75,88,c75
1589,c75,89,c75
1590,c75,90,c75
1591,c75,91,c75
1592,c75,92,unb
1593,c75,93,unb
1594,c75,94,c75
1595,c75,95,c75
1596,c75,96,c75
1597,c75,97,c75
1598,c75,98,c75
1599,c75,99,c75
1600,c75,100,c75
1601,c75,101,c75
1602,c75,102,c75
1603,c75,103,c75
1604,c75,104,c75
1605,c75,105,c75
1606,c75,106,c75
1607,c75,107,c75
1608,c75,108,c75
1609,c75,109,c75
1610,c75,110,c75
1611,c75,111,c25
1612,c75,112,c75
1613,c75,113,c75
1614,c75,114,c75
1615,c75,115,c75
1616,c75,116,c75
1617,c75,117,c75
1618,c75,118,c75
1619,c75,119,c75
1620,c75,120,c75
1621,c75,121,c75
1622,c75,122,c75
1623,c75,123,c75
1624,c75,124,c75
1625,c75,125,c75
1626,c75,126,c75
1627,c75,127,c75
1628,c75,128,c75
1629,c75,129,c75
1630,c75,130,c75
1631,c75,131,c25
1632,c75,132,unb
1633,c75,133,c75
1634,c75,134,c25
1635,c75,135,c75
1636,c75,136,c75
1637,c75,137,c75
1638,c75,138,c25
1639,c75,139,c25
1640,c75,140,c75
1641,c75,141,c25
1642,c75,142,c25
1643,c75,143,c75
1644,c75,144,c75
1645,c75,145,c75
1646,c75,146,c75
1647,c75,147,c75
1648,c75,148,c75
1649,c75,149,c75
1650,c75,150,c25
1651,c75,151,c25
1652,c75,152,c25
1653,c75,153,c25
1654,c75,154,c75
1655,c75,155,c75
1656,c75,156,c75
1657,c75,157,c75
1658,c75,158,c75
1659,c75,159,c75
1660,c75,160,c75
1661,c75,161,c75
1662,c75,162,c75
1663,c75,163,c75
1664,c75,164,c75
1665,c75,165,c75
1666,c75,166,c75
1667,c75,167,c75
1668,c75,168,c75
1669,c75,169,c75
1670,c75,170,c75
1671,c75,171,c75
1672,c75,172,c75
1673,c75,173,c75
1674,c75,174,c75
1675,c75,175,c75
1676,c75,176,c75
1677,c75,177,unb
1678,c75,178,c75
1679,c75,179,c75
1680,c75,180,c75
1681,c75,181,c75
1682,c75,182,c75
1683,c75,183,c75
1684,c75,184,c25
1685,c75,185,c25
1686,c75,186,c75
1687,c75,187,c75
1688,c75,188,c75
1689,c75,189,c75
1690,c75,190,c75
1691,c75,191,c75
1692,c75,192,c75
1693,c75,193,c75
1694,c75,194,c75
1695,c75,195,c75
1696,c75,196,c25
1697,c75,197,c75
1698,c75,198,c75
1699,c75,199,c25
1700,c75,200,c25
1701,c75,201,c25
1702,c75,202,c75
1703,c75,203,c75
1704,c75,204,c75
1705,c75,205,c75
1706,c75,206,c75
1707,c75,207,c75
1708,c75,208,c75
1709,c75,209,c75
1710,c75,210,c75
1711,c75,211,c75
1712,c75,212,c75
1713,c75,213,c75
1714,c75,214,c25
1715,c75,215,c25
1716,c75,216,c75
1717,c75,217,c75
1718,c75,218,c75
1719,c75,219,c75
1720,c75,220,c75
1721,c75,221,c75
1722,c75,222,c75
1723,c75,223,c75
1724,c75,224,c75
1725,c75,225,c25
1726,c75,226,c75
1727,c75,227,c75
1728,c75,228,c75
1729,c75,229,c75
1730,c75,230,c75
1731,c75,231,c25
1732,c75,232,c75
1733,c75,233,c75
1734,c75,234,c75
1735,c75,235,c75
1736,c75,236,c75
1737,c75,237,c25
1738,c75,238,c75
1739,c75,239,c25
1740,c75,240,c75
1741,c75,241,c75
1742,c75,242,c75
1743,c75,243,c75
1744,c75,244,c75
1745,c75,245,c75
1746,c75,246,c75
1747,c75,247,c75
1748,c75,248,c75
1749,c75,249,c75
500,cap,0,cap
501,cap,1,cap
502,cap,2,cap
503,cap,3,cap
504,cap,4,cap
505,cap,5,cap
506,cap,6,cap
507,cap,7,cap
508,cap,8,cap
509,cap,9,cap
510,cap,10,cap
511,cap,11,cap
512,cap,12,cap
513,cap,13,cap
514,cap,14,cap
515,cap,15,cap
516,cap,16,cap
517,cap,17,cap
518,cap,18,cap
519,cap,19,cap
520,cap,20,cap
521,cap,21,cap
522,cap,22,cap
523,cap,23,cap
524,cap,24,cap
525,cap,25,cap
526,cap,26,cap
527,cap,27,cap
528,cap,28,cap
529,cap,29,cap
530,cap,30,cap
531,cap,31,cap
532,cap,32,cap
533,cap,33,cap
534,cap,34,cap
535,cap,35,cap
536,cap,36,cap
537,cap,37,cap
538,cap,38,cap
539,cap,39,cap
540,cap,40,cap
541,cap,41,cap
542,cap,42,cap
543,cap,43,cap
544,cap,44,cap
545,cap,45,cap
546,cap,46,cap
547,cap,47,cap
548,cap,48,cap
549,cap,49,cap
550,cap,50,cap
551,cap,51,cap
552,cap,52,cap
553,cap,53,cap
554,cap,54,cap
555,cap,55,cap
556,cap,56,cap
557,cap,57,cap
558,cap,58,cap
559,cap,59,cap
560,cap,60,cap
561,cap,61,cap
562,cap,62,cap
563,cap,63,cap
564,cap,64,cap
565,cap,65,cap
566,cap,66,cap
567,cap,67,cap
568,cap,68,cap
569,cap,69,cap
570,cap,70,cap
571,cap,71,cap
572,cap,72,cap
573,cap,73,cap
574,cap,74,cap
575,cap,75,cap
576,cap,76,cap
577,cap,77,cap
578,cap,78,cap
579,cap,79,cap
580,cap,80,cap
581,cap,81,cap
582,cap,82,cap
583,cap,83,cap
584,cap,84,cap
585,cap,85,cap
586,cap,86,cap
587,cap,87,cap
588,cap,88,cap
589,cap,89,cap
590,cap,90,cap
591,cap,91,cap
592,cap,92,cap
593,cap,93,cap
594,cap,94,cap
595,cap,95,cap
596,cap,96,cap
597,cap,97,cap
598,cap,98,cap
599,cap,99,cap
600,cap,100,cap
601,cap,101,cap
602,cap,102,cap
603,cap,103,cap
604,cap,104,cap
605,cap,105,cap
606,cap,106,cap
607,cap,107,cap
608,cap,108,cap
609,cap,109,cap
610,cap,110,cap
611,cap,111,cap
612,cap,112,cap
613,cap,113,cap
614,cap,114,cap
615,cap,115,cap
616,cap,116,cap
617,cap,117,cap
618,cap,118,cap
619,cap,119,cap
620,cap,120,cap
621,cap,121,cap
622,cap,122,cap
623,cap,123,cap
624,cap,124,cap
625,cap,125,cap
626,cap,126,cap
627,cap,127,cap
628,cap,128,cap
629,cap,129,cap
630,cap,130,cap
631,cap,131,cap
632,cap,132,cap
633,cap,133,cap
634,cap,134,cap
635,cap,135,cap
636,cap,136,cap
637,cap,137,cap
638,cap,138,cap
639,cap,139,cap
640,cap,140,cap
641,cap,141,cap
642,cap,142,cap
643,cap,143,cap
644,cap,144,cap
645,cap,145,cap
646,cap,146,cap
647,cap,147,cap
648,cap,148,cap
649,cap,149,cap
650,cap,150,cap
651,cap,151,cap
652,cap,152,cap
653,cap,153,cap
654,cap,154,cap
655,cap,155,cap
656,cap,156,cap
657,cap,157,cap
658,cap,158,cap
659,cap,159,cap
660,cap,160,cap
661,cap,161,cap
662,cap,162,cap
663,cap,163,cap
664,cap,164,cap
665,cap,165,cap
666,cap,166,cap
667,cap,167,cap
668,cap,168,cap
669,cap,169,cap
670,cap,170,cap
671,cap,171,cap
672,cap,172,cap
673,cap,173,cap
674,cap,174,cap
675,cap,175,cap
676,cap,176,cap
677,cap,177,cap
678,cap,178,cap
679,cap,179,cap
680,cap,180,cap
681,cap,181,cap
682,cap,182,cap
683,cap,183,cap
684,cap,184,cap
685,cap,185,cap
686,cap,186,cap
687,cap,187,cap
688,cap,188,cap
689,cap,189,cap
690,cap,190,cap
691,cap,191,cap
692,cap,192,cap
693,cap,193,cap
694,cap,194,cap
695,cap,195,cap
696,cap,196,cap
697,cap,197,cap
698,cap,198,cap
699,cap,199,cap
700,cap,200,cap
701,cap,201,cap
702,cap,202,cap
703,cap,203,cap
704,cap,204,cap
705,cap,205,cap
706,cap,206,cap
707,cap,207,cap
708,cap,208,cap
709,cap,209,cap
710,cap,210,cap
711,cap,211,cap
712,cap,212,cap
713,cap,213,cap
714,cap,214,cap
715,cap,215,cap
716,cap,216,cap
717,cap,217,cap
718,cap,218,cap
719,cap,219,cap
720,cap,220,cap
721,cap,221,cap
722,cap,222,cap
723,cap,223,cap
724,cap,224,cap
725,cap,225,cap
726,cap,226,cap
727,cap,227,cap
728,cap,228,cap
729,cap,229,cap
730,cap,230,cap
731,cap,231,cap
732,cap,232,cap
733,cap,233,cap
734,cap,234,cap
735,cap,235,cap
736,cap,236,cap
737,cap,237,cap
738,cap,238,cap
739,cap,239,cap
740,cap,240,cap
741,cap,241,cap
742,cap,242,cap
743,cap,243,cap
744,cap,244,cap
745,cap,245,cap
746,cap,246,cap
747,cap,247,cap
748,cap,248,cap
749,cap,249,cap
0,off,0,off
1,off,1,off
2,off,2,off
3,off,3,off
4,off,4,off
5,off,5,off
6,off,6,off
7,off,7,off
8,off,8,off
9,off,9,off
10,off,10,off
11,off,11,off
12,off,12,off
13,off,13,off
14,off,14,off
15,off,15,off
16,off,16,off
17,off,17,off
18,off,18,off
19,off,19,off
20,off,20,off
21,off,21,off
22,off,22,off
23,off,23,off
24,off,24,off
25,off,25,off
26,off,26,off
27,off,27,off
28,off,28,off
29,off,29,off
30,off,30,off
31,off,31,off
32,off,32,off
33,off,33,off
34,off,34,off
35,off,35,off
36,off,36,off
37,off,37,off
38,off,38,off
39,off,39,off
40,off,40,off
41,off,41,off
42,off,42,off
43,off,43,off
44,off,44,off
45,off,45,off
46,off,46,off
47,off,47,off
48,off,48,off
49,off,49,off
50,off,50,off
51,off,51,off
52,off,52,off
53,off,53,off
54,off,54,off
55,off,55,off
56,off,56,off
57,off,57,off
58,off,58,off
59,off,59,off
60,off,60,off
61,off,61,off
62,off,62,off
63,off,63,off
64,off,64,off
65,off,65,off
66,off,66,off
67,off,67,off
68,off,68,off
69,off,69,off
70,off,70,off
71,off,71,off
72,off,72,off
73,off,73,off
74,off,74,off
75,off,75,off
76,off,76,off
77,off,77,off
78,off,78,off
79,off,79,off
80,off,80,off
81,off,81,off
82,off,82,off
83,off,83,off
84,off,84,off
85,off,85,off
86,off,86,off
87,off,87,off
88,off,88,off
89,off,89,off
90,off,90,off
91,off,91,off
92,off,92,off
93,off,93,off
94,off,94,off
95,off,95,off
96,off,96,off
97,off,97,off
98,off,98,off
99,off,99,off
100,off,100,off
101,off,101,off
102,off,102,off
103,off,103,off
104,off,104,off
105,off,105,off
106,off,106,off
107,off,107,off
108,off,108,off
109,off,109,off
110,off,110,off
111,off,111,off
112,off,112,off
113,off,113,off
114,off,114,off
115,off,115,off
116,off,116,off
117,off,117,off
118,off,118,off
119,off,119,off
120,off,120,off
121,off,121,off
122,off,122,off
123,off,123,off
124,off,124,off
125,off,125,off
126,off,126,off
127,off,127,off
128,off,128,off
129,off,129,off
130,off,130,off
131,off,131,off
132,off,132,off
133,off,133,off
134,off,134,off
135,off,135,off
136,off,136,off
137,off,137,off
138,off,138,off
139,off,139,off
140,off,140,off
141,off,141,off
142,off,142,off
143,off,143,off
144,off,144,off
145,off,145,off
146,off,146,off
147,off,147,off
148,off,148,off
149,off,149,off
150,off,150,off
151,off,151,off
152,off,152,off
153,off,153,off
154,off,154,off
155,off,155,off
156,off,156,off
157,off,157,off
158,off,158,off
159,off,159,off
160,off,160,off
161,off,161,off
162,off,162,off
163,off,163,off
164,off,164,off
165,off,165,off
166,off,166,off
167,off,167,off
168,off,168,off
169,off,169,off
170,off,170,off
171,off,171,off
172,off,172,off
173,off,173,off
174,off,174,off
175,off,175,off
176,off,176,off
177,off,177,off
178,off,178,off
179,off,179,off
180,off,180,off
181,off,181,off
182,off,182,off
183,off,183,off
184,off,184,off
185,off,185,off
186,off,186,off
187,off,187,off
188,off,188,off
189,off,189,off
190,off,190,off
191,off,191,off
192,off,192,off
193,off,193,off
194,off,194,off
195,off,195,off
196,off,196,off
197,off,197,off
198,off,198,off
199,off,199,off
200,off,200,off
201,off,201,off
202,off,202,off
203,off,203,off
204,off,204,off
205,off,205,off
206,off,206,off
207,off,207,off
208,off,208,off
209,off,209,off
210,off,210,off
211,off,211,off
212,off,212,off
213,off,213,off
214,off,214,off
215,off,215,off
216,off,216,off
217,off,217,off
218,off,218,off
219,off,219,off
220,off,220,off
221,off,221,off
222,off,222,off
223,off,223,off
224,off,224,off
225,off,225,off
226,off,226,off
227,off,227,off
228,off,228,off
229,off,229,off
230,off,230,off
231,off,231,off
232,off,232,off
233,off,233,off
234,off,234,off
235,off,235,off
236,off,236,off
237,off,237,off
238,off,238,off
239,off,239,off
240,off,240,off
241,off,241,off
242,off,242,off
243,off,243,off
244,off,244,off
245,off,245,off
246,off,246,off
247,off,247,off
248,off,248,off
249,off,249,off
250,on,0,on
251,on,1,on
252,on,2,on
253,on,3,on
254,on,4,on
255,on,5,on
256,on,6,on
257,on,7,on
258,on,8,on
259,on,9,on
260,on,10,on
261,on,11,on
262,on,12,on
263,on,13,on
264,on,14,on
265,on,15,on
266,on,16,on
267,on,17,on
268,on,18,on
269,on,19,on
270,on,20,on
271,on,21,on
272,on,22,on
273,on,23,on
274,on,24,on
275,on,25,on
276,on,26,on
277,on,27,on
278,on,28,on
279,on,29,on
280,on,30,on
281,on,31,on
282,on,32,on
283,on,33,on
284,on,34,on
285,on,35,on
286,on,36,on
287,on,37,on
288,on,38,on
289,on,39,on
290,on,40,on
291,on,41,on
292,on,42,on
293,on,43,on
294,on,44,on
295,on,45,on
296,on,46,on
297,on,47,on
298,on,48,on
299,on,49,on
300,on,50,on
301,on,51,on
302,on,52,on
303,on,53,on
304,on,54,on
305,on,55,on
306,on,56,on
307,on,57,on
308,on,58,on
309,on,59,on
310,on,60,on
311,on,61,on
312,on,62,on
313,on,63,on
314,on,64,on
315,on,65,on
316,on,66,on
317,on,67,on
318,on,68,on
319,on,69,on
320,on,70,on
321,on,71,on
322,on,72,on
323,on,73,on
324,on,74,on
325,on,75,on
326,on,76,on
327,on,77,on
328,on,78,on
329,on,79,on
330,on,80,on
331,on,81,on
332,on,82,on
333,on,83,on
334,on,84,on
335,on,85,on
336,on,86,on
337,on,87,on
338,on,88,on
339,on,89,on
340,on,90,on
341,on,91,on
342,on,92,on
343,on,93,on
344,on,94,on
345,on,95,on
346,on,96,on
347,on,97,on
348,on,98,on
349,on,99,on
350,on,100,on
351,on,101,on
352,on,102,on
353,on,103,on
354,on,104,on
355,on,105,on
356,on,106,on
357,on,107,on
358,on,108,on
359,on,109,on
360,on,110,on
361,on,111,on
362,on,112,on
363,on,113,on
364,on,114,on
365,on,115,on
366,on,116,on
367,on,117,on
368,on,118,on
369,on,119,on
370,on,120,on
371,on,121,on
372,on,122,on
373,on,123,on
374,on,124,on
375,on,125,on
376,on,126,on
377,on,127,on
378,on,128,on
379,on,129,on
380,on,130,on
381,on,131,on
382,on,132,on
383,on,133,on
384,on,134,on
385,on,135,on
386,on,136,on
387,on,137,on
388,on,138,on
389,on,139,on
390,on,140,on
391,on,141,on
392,on,142,on
393,on,143,on
394,on,144,on
395,on,145,on
396,on,146,on
397,on,147,on
398,on,148,on
399,on,149,on
400,on,150,on
401,on,151,on
402,on,152,on
403,on,153,on
404,on,154,on
405,on,155,on
406,on,156,on
407,on,157,on
408,on,158,on
409,on,159,on
410,on,160,on
411,on,161,on
412,on,162,on
413,on,163,on
414,on,164,on
415,on,165,on
416,on,166,on
417,on,167,on
418,on,168,on
419,on,169,on
420,on,170,on
421,on,171,on
422,on,172,on
423,on,173,on
424,on,174,on
425,on,175,on
426,on,176,on
427,on,177,on
428,on,178,on
429,on,179,on
430,on,180,on
431,on,181,on
432,on,182,on
433,on,183,on
434,on,184,on
435,on,185,on
436,on,186,on
437,on,187,on
438,on,188,on
439,on,189,on
440,on,190,on
441,on,191,on
442,on,192,on
443,on,193,on
444,on,194,on
445,on,195,on
446,on,196,on
447,on,197,on
448,on,198,on
449,on,199,on
450,on,200,on
451,on,201,on
452,on,202,on
453,on,203,on
454,on,204,on
455,on,205,on
456,on,206,on
457,on,207,on
458,on,208,on
459,on,209,on
460,on,210,on
461,on,211,on
462,on,212,on
463,on,213,on
464,on,214,on
465,on,215,on
466,on,216,on
467,on,217,on
468,on,218,on
469,on,219,on
470,on,220,on
471,on,221,on
472,on,222,on
473,on,223,on
474,on,224,on
475,on,225,on
476,on,226,on
477,on,227,on
478,on,228,on
479,on,229,on
480,on,230,on
481,on,231,on
482,on,232,on
483,on,233,on
484,on,234,on
485,on,235,on
486,on,236,on
487,on,237,on
488,on,238,on
489,on,239,on
490,on,240,on
491,on,241,on
492,on,242,on
493,on,243,on
494,on,244,on
495,on,245,on
496,on,246,on
497,on,247,on
498,on,248,on
499,on,249,on
750,out,0,out
751,out,1,out
752,out,2,out
753,out,3,out
754,out,4,out
755,out,5,out
756,out,6,out
757,out,7,out
758,out,8,out
759,out,9,out
760,out,10,out
761,out,11,out
762,out,12,out
763,out,13,out
764,out,14,out
765,out,15,out
766,out,16,out
767,out,17,out
768,out,18,out
769,out,19,out
770,out,20,out
771,out,21,out
772,out,22,out
773,out,23,out
774,out,24,out
775,out,25,out
776,out,26,out
777,out,27,out
778,out,28,out
779,out,29,out
780,out,30,out
781,out,31,out
782,out,32,out
783,out,33,out
784,out,34,out
785,out,35,out
786,out,36,out
787,out,37,out
788,out,38,out
789,out,39,out
790,out,40,out
791,out,41,out
792,out,42,out
793,out,43,out
794,out,44,out
795,out,45,out
796,out,46,out
797,out,47,out
798,out,48,out
799,out,49,out
800,out,50,out
801,out,51,out
802,out,52,out
803,out,53,out
804,out,54,out
805,out,55,out
806,out,56,out
807,out,57,out
808,out,58,out
809,out,59,out
810,out,60,out
811,out,61,out
812,out,62,out
813,out,63,out
814,out,64,out
815,out,65,out
816,out,66,out
817,out,67,out
818,out,68,out
819,out,69,out
820,out,70,out
821,out,71,out
822,out,72,out
823,out,73,out
824,out,74,out
825,out,75,out
826,out,76,out
827,out,77,out
828,out,78,out
829,out,79,out
830,out,80,out
831,out,81,unb
832,out,82,out
833,out,83,out
834,out,84,out
835,out,85,out
836,out,86,out
837,out,87,out
838,out,88,out
839,out,89,out
840,out,90,out
841,out,91,out
842,out,92,out
843,out,93,out
844,out,94,out
845,out,95,out
846,out,96,out
847,out,97,out
848,out,98,out
849,out,99,out
850,out,100,out
851,out,101,out
852,out,102,out
853,out,103,out
854,out,104,out
855,out,105,out
856,out,106,out
857,out,107,out
858,out,108,out
859,out,109,out
860,out,110,out
861,out,111,out
862,out,112,out
863,out,113,out
864,out,114,out
865,out,115,out
866,out,116,out
867,out,117,out
868,out,118,out
869,out,119,out
870,out,120,out
871,out,121,out
872,out,122,out
873,out,123,out
874,out,124,out
875,out,125,out
876,out,126,out
877,out,127,out
878,out,128,out
879,out,129,out
880,out,130,out
881,out,131,out
882,out,132,out
883,out,133,out
884,out,134,out
885,out,135,out
886,out,136,out
887,out,137,out
888,out,138,out
889,out,139,out
890,out,140,out
891,out,141,out
892,out,142,out
893,out,143,out
894,out,144,out
895,out,145,out
896,out,146,out
897,out,147,out
898,out,148,out
899,out,149,out
900,out,150,out
901,out,151,out
902,out,152,out
903,out,153,out
904,out,154,out
905,out,155,out
906,out,156,out
907,out,157,out
908,out,158,out
909,out,159,out
910,out,160,out
911,out,161,out
912,out,162,out
913,out,163,out
914,out,164,out
915,out,165,out
916,out,166,out
917,out,167,out
918,out,168,out
919,out,169,out
920,out,170,out
921,out,171,out
922,out,172,out
923,out,173,out
924,out,174,out
925,out,175,out
926,out,176,out
927,out,177,out
928,out,178,out
929,out,179,out
930,out,180,out
931,out,181,out
932,out,182,out
933,out,183,out
934,out,184,out
935,out,185,out
936,out,186,out
937,out,187,out
938,out,188,out
939,out,189,out
940,out,190,out
941,out,191,out
942,out,192,out
943,out,193,out
944,out,194,out
945,out,195,out
946,out,196,out
947,out,197,c25
948,out,198,out
949,out,199,out
950,out,200,out
951,out,201,out
952,out,202,out
953,out,203,out
954,out,204,out
955,out,205,out
956,out,206,out
957,out,207,out
958,out,208,out
959,out,209,out
960,out,210,out
961,out,211,out
962,out,212,out
963,out,213,out
964,out,214,out
965,out,215,out
966,out,216,out
967,out,217,out
968,out,218,out
969,out,219,out
970,out,220,out
971,out,221,out
972,out,222,out
973,out,223,out
974,out,224,out
975,out,225,out
976,out,226,out
977,out,227,out
978,out,228,out
979,out,229,out
980,out,230,out
981,out,231,out
982,out,232,out
983,out,233,out
984,out,234,out
985,out,235,out
986,out,236,out
987,out,237,out
988,out,238,out
989,out,239,out
990,out,240,out
991,out,241,out
992,out,242,out
993,out,243,out
994,out,244,out
995,out,245,c75
996,out,246,c75
997,out,247,out
998,out,248,out
999,out,249,out
1000,unb,0,unb
1001,unb,1,unb
1002,unb,2,unb
1003,unb,3,unb
1004,unb,4,unb
1005,unb,5,unb
1006,unb,6,unb
1007,unb,7,unb
1008,unb,8,unb
1009,unb,9,unb
1010,unb,10,unb
1011,unb,11,unb
1012,unb,12,unb
1013,unb,13,unb
1014,unb,14,unb
1015,unb,15,unb
1016,unb,16,unb
1017,unb,17,unb
1018,unb,18,unb
1019,unb,19,unb
1020,unb,20,unb
1021,unb,21,unb
1022,unb,22,unb
1023,unb,23,unb
1024,unb,24,c75
1025,unb,25,c25
1026,unb,26,c25
1027,unb,27,unb
1028,unb,28,unb
1029,unb,29,unb
1030,unb,30,unb
1031,unb,31,unb
1032,unb,32,unb
1033,unb,33,unb
1034,unb,34,unb
1035,unb,35,unb
1036,unb,36,unb
1037,unb,37,unb
1038,unb,38,unb
1039,unb,39,unb
1040,unb,40,unb
1041,unb,41,unb
1042,unb,42,unb
1043,unb,43,unb
1044,unb,44,unb
1045,unb,45,unb
1046,unb,46,unb
1047,unb,47,unb
1048,unb,48,unb
1049,unb,49,unb
1050,unb,50,unb
1051,unb,51,unb
1052,unb,52,unb
1053,unb,53,unb
1054,unb,54,unb
1055,unb,55,unb
1056,unb,56,unb
1057,unb,57,unb
1058,unb,58,unb
1059,unb,59,unb
1060,unb,60,unb
1061,unb,61,unb
1062,unb,62,unb
1063,unb,63,unb
1064,unb,64,unb
1065,unb,65,unb
1066,unb,66,unb
1067,unb,67,unb
1068,unb,68,unb
1069,unb,69,unb
1070,unb,70,unb
1071,unb,71,unb
1072,unb,72,unb
1073,unb,73,c75
1074,unb,74,unb
1075,unb,75,unb
1076,unb,76,unb
1077,unb,77,unb
1078,unb,78,unb
1079,unb,79,unb
1080,unb,80,unb
1081,unb,81,unb
1082,unb,82,unb
1083,unb,83,unb
1084,unb,84,unb
1085,unb,85,unb
1086,unb,86,unb
1087,unb,87,unb
1088,unb,88,c25
1089,unb,89,c25
1090,unb,90,unb
1091,unb,91,unb
1092,unb,92,unb
1093,unb,93,unb
1094,unb,94,unb
1095,unb,95,c25
1096,unb,96,unb
1097,unb,97,unb
1098,unb,98,unb
1099,unb,99,unb
1100,unb,100,unb
1101,unb,101,unb
1102,unb,102,unb
1103,unb,103,unb
1104,unb,104,c25
1105,unb,105,unb
1106,unb,106,unb
1107,unb,107,unb
1108,unb,108,unb
1109,unb,109,c75
1110,unb,110,unb
1111,unb,111,unb
1112,unb,112,unb
1113,unb,113,unb
1114,unb,114,unb
1115,unb,115,unb
1116,unb,116,unb
1117,unb,117,unb
1118,unb,118,unb
1119,unb,119,unb
1120,unb,120,unb
1121,unb,121,unb
1122,unb,122,unb
1123,unb,123,unb
1124,unb,124,unb
1125,unb,125,unb
1126,unb,126,unb
1127,unb,127,unb
1128,unb,128,unb
1129,unb,129,unb
1130,unb,130,unb
1131,unb,131,unb
1132,unb,132,unb
1133,unb,133,c75
1134,unb,134,unb
1135,unb,135,unb
1136,unb,136,unb
1137,unb,137,c25
1138,unb,138,unb
1139,unb,139,unb
1140,unb,140,unb
1141,unb,141,unb
1142,unb,142,unb
1143,unb,143,unb
1144,unb,144,unb
1145,unb,145,unb
1146,unb,146,unb
1147,unb,147,unb
1148,unb,148,unb
1149,unb,149,unb
1150,unb,150,unb
1151,unb,151,unb
1152,unb,152,unb
1153,unb,153,unb
1154,unb,154,unb
1155,unb,155,unb
1156,unb,156,unb
1157,unb,157,unb
1158,unb,158,unb
1159,unb,159,unb
1160,unb,160,unb
1161,unb,161,unb
1162,unb,162,unb
1163,unb,163,unb
1164,unb,164,unb
1165,unb,165,unb
1166,unb,166,unb
1167,unb,167,unb
1168,unb,168,unb
1169,unb,169,unb
1170,unb,170,unb
1171,unb,171,unb
1172,unb,172,unb
1173,unb,173,unb
1174,unb,174,unb
1175,unb,175,c25
1176,unb,176,c75
1177,unb,177,unb
1178,unb,178,unb
1179,unb,179,unb
1180,unb,180,unb
1181,unb,181,unb
1182,unb,182,unb
1183,unb,183,unb
1184,unb,184,c75
1185,unb,185,unb
1186,unb,186,unb
1187,unb,187,unb
1188,unb,188,unb
1189,unb,189,unb
1190,unb,190,unb
1191,unb,191,unb
1192,unb,192,unb
1193,unb,193,unb
1194,unb,194,c25
1195,unb,195,unb
1196,unb,196,unb
1197,unb,197,unb
1198,unb,198,unb
1199,unb,199,unb
1200,unb,200,unb
1201,unb,201,unb
1202,unb,202,unb
1203,unb,203,unb
1204,unb,204,unb
1205,unb,205,unb
1206,unb,206,unb
1207,unb,207,unb
1208,unb,208,unb
1209,unb,209,unb
1210,unb,210,unb
1211,unb,211,unb
1212,unb,212,unb
1213,unb,213,unb
1214,unb,214,unb
1215,unb,215,unb
1216,unb,216,unb
1217,unb,217,unb
1218,unb,218,unb
1219,unb,219,unb
1220,unb,220,unb
1221,unb,221,unb
1222,unb,222,unb
1223,unb,223,unb
1224,unb,224,unb
1225,unb,225,unb
1226,unb,226,unb
1227,unb,227,unb
1228,unb,228,unb
1229,unb,229,unb
1230,unb,230,unb
1231,unb,231,unb
1232,unb,232,unb
1233,unb,233,unb
1234,unb,234,c75
1235,unb,235,unb
1236,unb,236,unb
1237,unb,237,unb
1238,unb,238,unb
1239,unb,239,unb
1240,unb,240,unb
1241,unb,241,unb
1242,unb,242,unb
1243,unb,243,unb
1244,unb,244,unb
1245,unb,245,unb
1246,unb,246,unb
1247,unb,247,unb
1248,unb,248,unb
1249,unb,249,unb
1750,vnt,0,vnt
1751,vnt,1,vnt
1752,vnt,2,vnt
1753,vnt,3,vnt
1754,vnt,4,vnt
1755,vnt,5,vnt
1756,vnt,6,vnt
1757,vnt,7,vnt
1758,vnt,8,vnt
1759,vnt,9,vnt
1760,vnt,10,vnt
1761,vnt,11,vnt
1762,vnt,12,vnt
1763,vnt,13,vnt
1764,vnt,14,vnt
1765,vnt,15,vnt
1766,vnt,16,vnt
1767,vnt,17,vnt
1768,vnt,18,vnt
1769,vnt,19,vnt
1770,vnt,20,vnt
1771,vnt,21,vnt
1772,vnt,22,vnt
1773,vnt,23,vnt
1774,vnt,24,vnt
1775,vnt,25,vnt
1776,vnt,26,vnt
1777,vnt,27,vnt
1778,vnt,28,vnt
1779,vnt,29,vnt
1780,vnt,30,vnt
1781,vnt,31,vnt
1782,vnt,32,vnt
1783,vnt,33,vnt
1784,vnt,34,vnt
1785,vnt,35,vnt
1786,vnt,36,vnt
1787,vnt,37,vnt
1788,vnt,38,vnt
1789,vnt,39,vnt
1790,vnt,40,vnt
1791,vnt,41,vnt
1792,vnt,42,vnt
1793,vnt,43,vnt
1794,vnt,44,vnt
1795,vnt,45,vnt
1796,vnt,46,vnt
1797,vnt,47,vnt
1798,vnt,48,vnt
1799,vnt,49,vnt
1800,vnt,50,vnt
1801,vnt,51,vnt
1802,vnt,52,vnt
1803,vnt,53,vnt
1804,vnt,54,vnt
1805,vnt,55,vnt
1806,vnt,56,vnt
1807,vnt,57,vnt
1808,vnt,58,vnt
1809,vnt,59,vnt
1810,vnt,60,vnt
1811,vnt,61,vnt
1812,vnt,62,vnt
1813,vnt,63,vnt
1814,vnt,64,vnt
1815,vnt,65,vnt
1816,vnt,66,vnt
1817,vnt,67,vnt
1818,vnt,68,vnt
1819,vnt,69,vnt
1820,vnt,70,vnt
1821,vnt,71,vnt
1822,vnt,72,vnt
1823,vnt,73,vnt
1824,vnt,74,vnt
1825,vnt,75,vnt
1826,vnt,76,vnt
1827,vnt,77,vnt
1828,vnt,78,vnt
1829,vnt,79,vnt
1830,vnt,80,vnt
1831,vnt,81,vnt
1832,vnt,82,vnt
1833,vnt,83,vnt
1834,vnt,84,vnt
1835,vnt,85,vnt
1836,vnt,86,vnt
1837,vnt,87,vnt
1838,vnt,88,vnt
1839,vnt,89,vnt
1840,vnt,90,vnt
1841,vnt,91,vnt
1842,vnt,92,vnt
1843,vnt,93,vnt
1844,vnt,94,vnt
1845,vnt,95,vnt
1846,vnt,96,vnt
1847,vnt,97,vnt
1848,vnt,98,vnt
1849,vnt,99,vnt
1850,vnt,100,vnt
1851,vnt,101,vnt
1852,vnt,102,vnt
1853,vnt,103,vnt
1854,vnt,104,vnt
1855,vnt,105,vnt
1856,vnt,106,vnt
1857,vnt,107,vnt
1858,vnt,108,vnt
1859,vnt,109,vnt
1860,vnt,110,vnt
1861,vnt,111,vnt
1862,vnt,112,vnt
1863,vnt,113,vnt
1864,vnt,114,vnt
1865,vnt,115,vnt
1866,vnt,116,vnt
1867,vnt,117,vnt
1868,vnt,118,vnt
1869,vnt,119,vnt
1870,vnt,120,vnt
1871,vnt,121,vnt
1872,vnt,122,vnt
1873,vnt,123,vnt
1874,vnt,124,vnt
1875,vnt,125,vnt
1876,vnt,126,vnt
1877,vnt,127,vnt
1878,vnt,128,vnt
1879,vnt,129,vnt
1880,vnt,130,vnt
1881,vnt,131,vnt
1882,vnt,132,vnt
1883,vnt,133,vnt
1884,vnt,134,vnt
1885,vnt,135,vnt
1886,vnt,136,vnt
1887,vnt,137,vnt
1888,vnt,138,vnt
1889,vnt,139,vnt
1890,vnt,140,vnt
1891,vnt,141,vnt
1892,vnt,142,vnt
1893,vnt,143,vnt
1894,vnt,144,vnt
1895,vnt,145,vnt
1896,vnt,146,vnt
1897,vnt,147,vnt
1898,vnt,148,vnt
1899,vnt,149,vnt
1900,vnt,150,vnt
1901,vnt,151,vnt
1902,vnt,152,vnt
1903,vnt,153,vnt
1904,vnt,154,vnt
1905,vnt,155,vnt
1906,vnt,156,vnt
1907,vnt,157,vnt
1908,vnt,158,vnt
1909,vnt,159,vnt
1910,vnt,160,vnt
1911,vnt,161,vnt
1912,vnt,162,vnt
1913,vnt,163,vnt
1914,vnt,164,vnt
1915,vnt,165,vnt
1916,vnt,166,vnt
1917,vnt,167,vnt
1918,vnt,168,vnt
1919,vnt,169,vnt
1920,vnt,170,vnt
1921,vnt,171,vnt
1922,vnt,172,vnt
1923,vnt,173,vnt
1924,vnt,174,vnt
1925,vnt,175,vnt
1926,vnt,176,vnt
1927,vnt,177,vnt
1928,vnt,178,vnt
1929,vnt,179,vnt
1930,vnt,180,vnt
1931,vnt,181,vnt
1932,vnt,182,vnt
1933,vnt,183,vnt
1934,vnt,184,vnt
1935,vnt,185,vnt
1936,vnt,186,vnt
1937,vnt,187,vnt
1938,vnt,188,vnt
1939,vnt,189,vnt
1940,vnt,190,vnt
1941,vnt,191,vnt
1942,vnt,192,vnt
1943,vnt,193,vnt
1944,vnt,194,vnt
1945,vnt,195,vnt
1946,vnt,196,vnt
1947,vnt,197,vnt
1948,vnt,198,vnt
1949,vnt,199,vnt
1950,vnt,200,vnt
1951,vnt,201,vnt
1952,vnt,202,vnt
1953,vnt,203,vnt
1954,vnt,204,vnt
1955,vnt,205,vnt
1956,vnt,206,vnt
1957,vnt,207,vnt
1958,vnt,208,vnt
1959,vnt,209,vnt
1960,vnt,210,vnt
1961,vnt,211,vnt
1962,vnt,212,vnt
1963,vnt,213,vnt
1964,vnt,214,vnt
1965,vnt,215,vnt
1966,vnt,216,vnt
1967,vnt,217,vnt
1968,vnt,218,vnt
1969,vnt,219,vnt
1970,vnt,220,vnt
1971,vnt,221,vnt
1972,vnt,222,vnt
1973,vnt,223,vnt
1974,vnt,224,vnt
1975,vnt,225,vnt
1976,vnt,226,vnt
1977,vnt,227,vnt
1978,vnt,228,vnt
1979,vnt,229,vnt
1980,vnt,230,vnt
1981,vnt,231,vnt
1982,vnt,232,vnt
1983,vnt,233,vnt
1984,vnt,234,vnt
1985,vnt,235,vnt
1986,vnt,236,vnt
1987,vnt,237,vnt
1988,vnt,238,vnt
1989,vnt,239,vnt
1990,vnt,240,vnt
1991,vnt,241,vnt
1992,vnt,242,vnt
1993,vnt,243,vnt
1994,vnt,244,vnt
1995,vnt,245,vnt
1996,vnt,246,vnt
1997,vnt,247,vnt
1998,vnt,248,vnt
1999,vnt,249,vnt
