modality,model,n_features,macro_f1,balanced_accuracy,accuracy,macro_f1_std
fusion,logistic_regression,169,0.9320342853330317,0.9324999999999999,0.9324999999999999,0.014034131896337947
fusion,extra_trees,169,0.9066850222665888,0.9115,0.9115,0.040956418152581796
fusion,random_forest,169,0.8968363907196387,0.9039999999999999,0.9040000000000001,0.051890637042701034
audio,logistic_regression,100,0.8548962471051483,0.8549999999999999,0.8550000000000001,0.030438708628206964
vibration,random_forest,69,0.8498587289855489,0.8550000000000001,0.8550000000000001,0.06486347661485921
vibration,logistic_regression,69,0.8492398396650979,0.85,0.85,0.02425450559474007
vibration,extra_trees,69,0.8455337082248132,0.8504999999999999,0.8504999999999999,0.055681374163862325
audio,extra_trees,100,0.8345706864634053,0.8385000000000001,0.8385000000000001,0.03101505625374328
audio,random_forest,100,0.8318523940202336,0.835,0.835,0.03709629748979945
