experiment,Run,run_key,n_positions,n_unique_positions,ap,vc,f,TCond,Fx,Fy,Fz,F,Ra_mean,Ra_std,Rsk_mean,Rsk_std,Rku_mean,Rku_std,RSm_mean,RSm_std,Rt_mean,Rt_std,Tool,Condition,mrr_proxy,condition_key
Exp1,1_021_B1_1_h,Exp1:1_021_B1_1_h,6,0,0.25,310.0,0.07,0.0,55.44,41.6,19.53,72.0109332,0.23383333333333334,0.019353724878344913,-0.32283333333333336,0.09356370378873778,2.9058333333333337,0.21043898561499175,71.13333333333333,8.621291473246146,1.7143333333333333,0.09841476853941519,21,1,5.425000000000001,0.25|310|0.07|0
Exp1,1_021_B1_2_g,Exp1:1_021_B1_2_g,6,0,0.25,310.0,0.1,0.0,69.13,50.07,20.51,87.78736754,0.6750000000000002,0.0067230945255886505,0.19849999999999998,0.06036141151431103,1.5965,0.0995002512559642,100.08333333333331,1.2937026963976925,2.617333333333333,0.201140415299031,21,2,7.75,0.25|310|0.1|0
Exp1,1_021_B1_3_i,Exp1:1_021_B1_3_i,6,0,0.25,310.0,0.13,0.0,84.61,56.61,24.09,104.6129643,0.8298333333333333,0.025095152254303324,1.039,0.0410316950661315,2.7966666666666664,0.10448859586895914,130.54999999999998,2.433721430238057,3.736166666666667,0.0717033239582843,21,3,10.075000000000001,0.25|310|0.13|0
Exp1,1_021_B1_4_a,Exp1:1_021_B1_4_a,6,0,0.25,350.0,0.07,0.0,49.23,44.46,21.07,69.60049856,0.39399999999999996,0.035709942593065036,0.6156666666666667,0.07121142230475856,2.4145,0.15140508577983763,70.50000000000001,1.9078784028338918,2.020166666666667,0.06661956669527853,21,4,6.125000000000001,0.25|350|0.07|0
Exp1,1_021_B1_5_c,Exp1:1_021_B1_5_c,6,0,0.25,350.0,0.1,0.0,65.48,49.71,22.31,85.18480264,0.6385,0.042330839821576885,0.7525,0.09860578076360434,2.341333333333333,0.13079398559057173,100.5,0.7266360849833966,2.831166666666667,0.18265532203214513,21,5,8.75,0.25|350|0.1|0
Exp1,1_021_B1_6_b,Exp1:1_021_B1_6_b,6,0,0.25,350.0,0.13,0.0,81.03,59.21,25.94,103.6560109,1.1605,0.027215804232100176,0.773,0.05324283989420551,2.468833333333333,0.07645761352976341,130.5,1.2664912159190054,5.210999999999999,0.07675154721567523,21,6,11.375,0.25|350|0.13|0
Exp1,1_021_B1_7_f,Exp1:1_021_B1_7_f,6,0,0.25,390.0,0.07,0.0,51.59,42.31,18.87,69.33787637,0.3216666666666667,0.023088236543024818,0.5355,0.26266080788728263,2.199666666666667,0.5206655996574641,70.60000000000001,1.3401492454200745,1.5388333333333335,0.16074503621159394,21,7,6.825000000000001,0.25|390|0.07|0
Exp1,1_021_B1_8_d,Exp1:1_021_B1_8_d,6,0,0.25,390.0,0.1,0.0,65.95,50.85,22.3,86.21145516,0.7173333333333333,0.018402898322456365,0.5603333333333333,0.038722947546211736,1.9308333333333332,0.051300747233024475,100.8,0.5403702434442517,2.8545,0.08039340768993439,21,8,9.75,0.25|390|0.1|0
Exp1,1_021_B1_9_e,Exp1:1_021_B1_9_e,6,0,0.25,390.0,0.13,0.0,84.34,57.88,26.26,105.6073747,1.1028333333333336,0.028251843597660403,0.48416666666666663,0.05183210073561234,2.0755,0.059163333239431244,131.16666666666666,0.8959166627910558,4.490333333333333,0.08740175436835716,21,9,12.675,0.25|390|0.13|0
Exp1,1_031_B2_10_b,Exp1:1_031_B2_10_b,6,0,0.5,310.0,0.07,0.0,110.5,61.45,68.08,143.6009711,0.26916666666666667,0.02323287900081835,0.10333333333333335,0.07622248137306124,1.9328333333333336,0.17173050592910588,74.14999999999999,3.6181486978840436,1.3748333333333331,0.17631723303939031,31,10,10.850000000000001,0.5|310|0.07|0
Exp1,1_031_B2_11_d,Exp1:1_031_B2_11_d,6,0,0.5,310.0,0.1,0.0,141.5,69.27,67.71,171.4795236,0.5175000000000001,0.012373358476985959,0.8785,0.05652167725749121,3.0896666666666666,0.09419058693238219,102.85000000000001,5.300094338783039,2.906333333333333,0.04563624290699952,31,11,15.5,0.5|310|0.1|0
Exp1,1_031_B2_12_c,Exp1:1_031_B2_12_c,6,0,0.5,310.0,0.13,0.0,171.5,83.49,75.56,205.1636998,1.1051666666666666,0.031108948337522858,0.9426666666666667,0.08937262817365652,2.7168333333333337,0.19913755714748205,132.0,1.807761046156271,5.012333333333333,0.15490857518764614,31,12,20.150000000000002,0.5|310|0.13|0
Exp1,1_031_B2_13_j,Exp1:1_031_B2_13_j,6,0,0.5,350.0,0.07,0.0,107.7,52.78,60.21,134.2023193,0.3116666666666667,0.0450362816700787,-0.04683333333333333,0.08719957950968954,2.0591666666666666,0.13489761549659302,68.78333333333335,2.9328598102648322,1.6094999999999997,0.18643792532636697,31,13,12.250000000000002,0.5|350|0.07|0
Exp1,1_031_B2_14_h,Exp1:1_031_B2_14_h,6,0,0.5,350.0,0.1,0.0,144.7,70.44,66.44,174.1096126,0.6074999999999999,0.010212737145349437,0.128,0.03773062416658383,1.9706666666666666,0.02353437202618051,99.71666666666668,1.1196725711861806,2.7533333333333334,0.04136020631798962,31,14,17.5,0.5|350|0.1|0
Exp1,1_031_B2_15_i,Exp1:1_031_B2_15_i,6,0,0.5,350.0,0.13,0.0,179.8,81.93,75.26,211.4347003,0.5408333333333334,0.028294286820251636,0.3453333333333333,0.07527195139403964,2.339166666666667,0.11527257551849296,114.25,14.45887270847904,2.765,0.19998699957747257,31,15,22.75,0.5|350|0.13|0
Exp1,1_031_B2_16_f,Exp1:1_031_B2_16_f,6,0,0.5,390.0,0.07,0.0,110.1,56.55,61.05,138.0109235,0.3601666666666667,0.010759491933482104,0.052833333333333336,0.04912602840314558,1.8826666666666665,0.05046847200645828,71.11666666666667,0.6177917664283561,1.7300000000000002,0.11970129489692241,31,16,13.650000000000002,0.5|390|0.07|0
Exp1,1_031_B2_17_e,Exp1:1_031_B2_17_e,6,0,0.5,390.0,0.1,0.0,141.9,70.27,65.19,171.2402377,0.5535,0.024558094388612454,0.5498333333333333,0.13452794009671992,2.4086666666666665,0.17950784569669,102.88333333333334,1.2367969383316997,2.7848333333333333,0.06666758332703128,31,17,19.5,0.5|390|0.1|0
Exp1,1_031_B2_18_g,Exp1:1_031_B2_18_g,6,0,0.5,390.0,0.13,0.0,173.5,82.13,71.8,204.9459121,0.5163333333333333,0.01562903281289879,0.702,0.07005426468103139,3.015,0.07388369238201356,97.33333333333336,14.494780669836524,2.7769999999999997,0.09735502041497394,31,18,25.35,0.5|390|0.13|0
Exp1,1_041_B3_19_h,Exp1:1_041_B3_19_h,6,0,0.8,310.0,0.07,0.0,169.4,61.43,121.5,217.3298298,0.38466666666666666,0.01530577233159657,-0.3861666666666667,0.09499982456124151,2.2021666666666664,0.09053047369072285,69.41666666666667,1.3541294866690805,2.0715,0.16740698910141127,41,19,17.360000000000003,0.8|310|0.07|0
Exp1,1_041_B3_20_i,Exp1:1_041_B3_20_i,6,0,0.8,310.0,0.1,0.0,226.3,78.35,218.9,324.4497226,0.6066666666666666,0.02537452791022264,0.13783333333333334,0.21385548079641697,2.2413333333333334,0.04991860040773048,93.94999999999999,5.876648704831691,3.0985,0.09678791246844819,41,20,24.800000000000004,0.8|310|0.1|0
Exp1,1_041_B3_21_g,Exp1:1_041_B3_21_g,6,0,0.8,310.0,0.13,0.0,283.5,100.2,221.5,373.4629031,1.0776666666666666,0.1706770830154613,0.4703333333333333,0.11828383941463291,2.2258333333333336,0.06476856233286844,130.03333333333333,3.4343364230469153,5.004833333333333,0.5959206043313713,41,21,32.24,0.8|310|0.13|0
Exp1,1_041_B3_22_a,Exp1:1_041_B3_22_a,6,0,0.8,350.0,0.07,0.0,159.5,62.91,115.8,206.8998746,0.3775,0.006534523701081822,0.4283333333333334,0.030382012222146627,2.037333333333333,0.05395059468316055,70.5,0.7483314773547891,1.8193333333333335,0.09842696107605203,41,22,19.6,0.8|350|0.07|0
Exp1,1_041_B3_23_c,Exp1:1_041_B3_23_c,6,0,0.8,350.0,0.1,0.0,213.0,77.32,190.3,295.9078782,0.8258333333333333,0.08143811556431466,0.5918333333333333,0.1225992115254689,2.4909999999999997,0.14415130939398368,101.05000000000001,1.204574613712247,3.9401666666666664,0.31642213365481675,41,23,28.000000000000007,0.8|350|0.1|0
Exp1,1_041_B3_24_b,Exp1:1_041_B3_24_b,6,0,0.8,350.0,0.13,0.0,272.2,100.7,219.1,363.6456242,1.4204999999999999,0.031258598816965556,0.8705000000000002,0.07684985361079097,2.6201666666666665,0.1051882439565689,131.45000000000002,0.9481561052906856,6.277833333333333,0.10732644905458599,41,24,36.400000000000006,0.8|350|0.13|0
Exp1,1_041_B3_25_d,Exp1:1_041_B3_25_d,6,0,0.8,390.0,0.07,0.0,162.8,60.35,116.9,209.3121413,0.4386666666666666,0.07497644074418756,0.32616666666666666,0.11009344515758722,2.0606666666666666,0.09275487408576791,70.78333333333333,0.5115336417740902,2.1235,0.34805100200976286,41,25,21.840000000000003,0.8|390|0.07|0
Exp1,1_041_B3_26_e,Exp1:1_041_B3_26_e,6,0,0.8,390.0,0.1,0.0,215.7,75.94,193.2,299.3653514,0.7171666666666666,0.18881675420011504,0.4931666666666667,0.36746233367063175,2.3615,0.6184369814297977,99.11666666666667,2.0222924285737403,3.329333333333334,0.4661985270962003,41,26,31.200000000000006,0.8|390|0.1|0
Exp1,1_041_B3_27_f,Exp1:1_041_B3_27_f,6,0,0.8,390.0,0.13,0.0,272.5,98.6,214.3,360.4201715,1.0656666666666668,0.17826459734525718,0.5336666666666666,0.1489156360717929,2.294,0.10819796670917631,130.41666666666669,1.7769824609901606,4.730166666666666,0.5246505185994449,41,27,40.56,0.8|390|0.13|0
Exp1,1_051_B1_1_i,Exp1:1_051_B1_1_i,6,0,0.25,310.0,0.07,0.0,55.84,42.95,22.11,73.83535874,0.3913333333333333,0.008238122763510313,0.2011666666666667,0.1298112732649467,2.1651666666666665,0.14851992010052617,79.06666666666666,9.175983144419275,2.175666666666667,0.08989697807305126,51,1,5.425000000000001,0.25|310|0.07|0
Exp1,1_051_B1_2_g,Exp1:1_051_B1_2_g,6,0,0.25,310.0,0.1,0.0,68.78,49.87,23.98,88.27652972,0.8694999999999999,0.010054849576199546,0.06899999999999999,0.017504285189632852,1.5751666666666664,0.04049403248216541,100.91666666666667,0.6145459028149696,3.2969999999999993,0.11305573846559062,51,2,7.75,0.25|310|0.1|0
Exp1,1_051_B1_3_h,Exp1:1_051_B1_3_h,6,0,0.25,310.0,0.13,0.0,83.42,59.72,25.89,105.8095785,1.167,0.020376457003120078,0.29633333333333334,0.07739939706914174,1.8571666666666669,0.024677249981848948,131.03333333333333,0.9521904571390443,4.565833333333333,0.12589744503629416,51,3,10.075000000000001,0.25|310|0.13|0
Exp1,1_051_B1_4_c,Exp1:1_051_B1_4_c,6,0,0.25,350.0,0.07,0.0,52.04,44.26,22.9,72.05219775,0.6331666666666667,0.0347241510575373,0.484,0.05014778160596939,2.024833333333333,0.048168108398261425,70.41666666666667,0.5706721183540224,2.8394999999999997,0.20810261891672577,51,4,6.125000000000001,0.25|350|0.07|0
Exp1,1_051_B1_5_a,Exp1:1_051_B1_5_a,6,0,0.25,350.0,0.1,0.0,64.9,55.46,27.28,89.62153759,1.0478333333333334,0.013556056457047765,0.7341666666666665,0.03346889102833654,2.327,0.03366303610787371,100.46666666666668,0.4501851470969103,4.428166666666667,0.06986677798973306,51,5,8.75,0.25|350|0.1|0
Exp1,1_051_B1_6_b,Exp1:1_051_B1_6_b,6,0,0.25,350.0,0.13,0.0,79.1,61.07,24.84,102.9727173,1.7486666666666666,0.06441014412859725,0.4609999999999999,0.057218878003679884,1.828,0.05447201116169663,130.51666666666668,1.2023587928179589,6.570166666666668,0.18877438032388463,51,6,11.375,0.25|350|0.13|0
Exp1,1_051_B1_7_f,Exp1:1_051_B1_7_f,6,0,0.25,390.0,0.07,0.0,52.92,44.28,22.37,72.53731247,0.47,0.016284962388657814,0.4313333333333333,0.07019021774198073,1.8165000000000002,0.0614678777899481,70.53333333333335,0.5750362307426103,2.074333333333333,0.07325753658611965,51,7,6.825000000000001,0.25|390|0.07|0
Exp1,1_051_B1_8_e,Exp1:1_051_B1_8_e,6,0,0.25,390.0,0.1,0.0,66.41,51.77,23.69,87.4736366,0.9311666666666666,0.10362126551372866,0.44366666666666665,0.1189733863797558,1.9761666666666668,0.20951507503439146,100.26666666666667,0.4320493798938545,3.6806666666666668,0.25640800819527204,51,8,9.75,0.25|390|0.1|0
Exp1,1_051_B1_9_d,Exp1:1_051_B1_9_d,6,0,0.25,390.0,0.13,0.0,80.14,59.87,25.76,103.2976965,1.2638333333333334,0.29421721001101664,0.5415,0.1539736990527928,2.134,0.2610547835225396,130.96666666666667,1.3923601066773845,5.162166666666667,0.7765249298423502,51,9,12.675,0.25|390|0.13|0
Exp1,1_061_B2_10_c,Exp1:1_061_B2_10_c,6,0,0.5,310.0,0.07,0.0,109.1,57.9,63.82,139.0259415,0.4498333333333333,0.005269408568963572,0.19199999999999998,0.03694861296449435,2.0363333333333333,0.0621728772590321,69.55000000000001,1.2926716520447077,2.1486666666666667,0.08974333772858377,61,10,10.850000000000001,0.5|310|0.07|0
Exp1,1_061_B2_11_a,Exp1:1_061_B2_11_a,6,0,0.5,310.0,0.1,0.0,139.5,69.35,73.61,172.3023639,0.907,0.0201891059732718,0.6853333333333333,0.060387636703771314,2.1269999999999993,0.04988386512691246,100.85000000000001,0.4505552130427517,3.6785,0.14532136800897516,61,11,15.5,0.5|310|0.1|0
Exp1,1_061_B2_12_b,Exp1:1_061_B2_12_b,6,0,0.5,310.0,0.13,0.0,176.5,87.39,82.71,213.6122801,1.1238333333333332,0.0894145774841366,0.5098333333333334,0.0664933580642959,1.9880000000000002,0.043945420694311274,130.16666666666666,1.8896207732417238,4.578833333333333,0.39461597365877954,61,12,20.150000000000002,0.5|310|0.13|0
Exp1,1_061_B2_13_f,Exp1:1_061_B2_13_f,6,0,0.5,350.0,0.07,0.0,112.4,57.46,63.16,141.1545153,0.39133333333333337,0.020185803592293942,-0.026500000000000006,0.05903473553764767,1.7335,0.06455617708631761,70.39999999999999,0.5403702434442527,1.7539999999999998,0.10628452380285663,61,13,12.250000000000002,0.5|350|0.07|0
Exp1,1_061_B2_14_e,Exp1:1_061_B2_14_e,6,0,0.5,350.0,0.1,0.0,143.5,69.57,71.62,174.8189329,0.6238333333333334,0.015967675681409207,0.4036666666666667,0.06548791237065558,2.0938333333333334,0.025639162752841064,100.68333333333334,1.0206207261596576,2.8958333333333335,0.12761413192380647,61,14,17.5,0.5|350|0.1|0
Exp1,1_061_B2_15_d,Exp1:1_061_B2_15_d,6,0,0.5,350.0,0.13,0.0,177.3,85.72,79.43,212.3495545,0.968,0.0058991524815010556,0.6478333333333334,0.02177536834743944,2.279,0.02085185843036531,130.96666666666664,1.406650868789649,4.179166666666666,0.08868690245276725,61,15,22.75,0.5|350|0.13|0
Exp1,1_061_B2_16_g,Exp1:1_061_B2_16_g,6,0,0.5,390.0,0.07,0.0,116.2,58.82,65.47,145.7688351,0.27299999999999996,0.016112107248898253,-0.16716666666666666,0.07525268544488407,1.9989999999999999,0.10698037203150862,51.11666666666667,3.250487142978212,1.3786666666666665,0.18554316658574807,61,16,13.650000000000002,0.5|390|0.07|0
Exp1,1_061_B2_17_h,Exp1:1_061_B2_17_h,6,0,0.5,390.0,0.1,0.0,144.9,69.67,69.12,175.0071236,0.3981666666666667,0.018627041275164086,0.09916666666666667,0.13571796736860844,2.3128333333333337,0.08035276390185137,73.08333333333333,9.408807930161325,2.1293333333333333,0.10276121187815301,61,17,19.5,0.5|390|0.1|0
Exp1,1_061_B2_18_i,Exp1:1_061_B2_18_i,6,0,0.5,390.0,0.13,0.0,177.5,82.13,74.87,209.4208772,0.6678333333333333,0.012073386710723132,0.8449999999999999,0.09529742913636233,2.8365000000000005,0.054800547442521164,130.96666666666667,1.3351654079800988,3.3478333333333334,0.0321460210083093,61,18,25.35,0.5|390|0.13|0
Exp1,1_071_B3_19_b,Exp1:1_071_B3_19_b,6,0,0.8,310.0,0.07,0.0,165.7,62.01,122.1,214.9654393,0.652,0.05803102618427492,0.18716666666666668,0.10242932522801595,1.7129999999999999,0.06629630457272867,70.2,0.7589466384404101,2.6491666666666664,0.2466125841612034,71,19,17.360000000000003,0.8|310|0.07|0
Exp1,1_071_B3_20_a,Exp1:1_071_B3_20_a,6,0,0.8,310.0,0.1,0.0,224.2,77.48,227.5,328.6716301,0.9630000000000001,0.034951394821952364,0.25266666666666665,0.07021585765812924,1.8406666666666667,0.056216249133739564,100.21666666666668,1.0962055768270227,4.2058333333333335,0.12409579632955596,71,20,24.800000000000004,0.8|310|0.1|0
Exp1,1_071_B3_21_c,Exp1:1_071_B3_21_c,6,0,0.8,310.0,0.13,0.0,289.6,96.77,222.1,377.5725134,0.9285,0.004969909455915675,0.5763333333333334,0.08283638492031545,2.6348333333333334,0.04886887216487268,130.6,3.8439562952770436,4.7155,0.07236781052374056,71,21,32.24,0.8|310|0.13|0
Exp1,1_071_B3_22_d,Exp1:1_071_B3_22_d,6,0,0.8,350.0,0.07,0.0,172.4,59.8,126.3,221.9222612,0.5696666666666667,0.01658513390559949,0.09250000000000001,0.04146685423323067,1.6851666666666665,0.03975634121327901,70.7,0.282842712474616,2.4351666666666665,0.032021347046410666,71,22,19.6,0.8|350|0.07|0
Exp1,1_071_B3_23_f,Exp1:1_071_B3_23_f,6,0,0.8,350.0,0.1,0.0,231.4,78.87,224.3,331.7784304,0.6795,0.02241205033012372,-0.065,0.035977770914830176,1.7201666666666668,0.015237016330852508,101.38333333333334,0.3868677637987764,2.8343333333333334,0.08055226046900651,71,23,28.000000000000007,0.8|350|0.1|0
Exp1,1_071_B3_24_e,Exp1:1_071_B3_24_e,6,0,0.8,350.0,0.13,0.0,288.5,97.54,218.6,374.8763284,0.8704999999999999,0.023964557162609975,0.6061666666666666,0.07823405055771215,2.6318333333333332,0.06716075242778828,126.83333333333333,8.38037389778443,4.318833333333334,0.08606373607197558,71,24,36.400000000000006,0.8|350|0.13|0
Exp1,1_071_B3_25_g,Exp1:1_071_B3_25_g,6,0,0.8,390.0,0.07,0.0,175.1,62.81,125.2,224.2323485,0.4675,0.023780243901188224,0.24983333333333335,0.05087009599623995,2.0696666666666665,0.06953176732017294,70.76666666666667,0.6501281924871928,2.3565,0.16631025223960177,71,25,21.840000000000003,0.8|390|0.07|0
Exp1,1_071_B3_26_i,Exp1:1_071_B3_26_i,6,0,0.8,390.0,0.1,0.0,236.9,77.17,223.4,334.6406713,0.5808333333333334,0.025356787388521162,-0.16266666666666665,0.08956487406716244,1.7913333333333334,0.07199629620103148,97.89999999999999,9.275774900244185,2.5421666666666667,0.1265044136252434,71,26,31.200000000000006,0.8|390|0.1|0
Exp1,1_071_B3_27_h,Exp1:1_071_B3_27_h,6,0,0.8,390.0,0.13,0.0,288.6,98.16,213.6,372.2234619,0.8353333333333333,0.010930080817023582,0.5585,0.07006782428475998,2.4048333333333334,0.05449556556883026,128.78333333333333,7.428974805897963,3.933,0.055335341329027565,71,27,40.56,0.8|390|0.13|0
Exp2,2_013_L4_13_b,Exp2:2_013_L4_13_b,6,0,0.5,350.0,0.07,0.1,117.9,89.53,75.31,166.0952347,0.6013333333333334,0.06341188111597593,0.12816666666666668,0.05496695977281867,1.6485,0.08028387135658069,70.5,1.0139033484509268,2.406333333333333,0.14967921254024105,13,13,12.250000000000002,0.5|350|0.07|0.1
Exp2,2_013_L4_13_f,Exp2:2_013_L4_13_f,6,0,0.5,350.0,0.07,0.1,114.3,79.79,73.01,157.3575362,0.62,0.017227884373886438,0.12366666666666666,0.03189148266648427,1.5796666666666666,0.022150996967781555,70.48333333333333,0.38686776379877813,2.4243333333333332,0.11923030934568042,13,13,12.250000000000002,0.5|350|0.07|0.1
Exp2,2_013_L4_14_a,Exp2:2_013_L4_14_a,6,0,0.5,350.0,0.09,0.1,145.1,110.1,88.58,202.5399625,0.7053333333333334,0.05875258859545396,0.17600000000000002,0.0699056507014991,1.8368333333333335,0.10120161395287461,88.33333333333333,2.576561015514024,3.2135,0.3051286613872909,13,14,15.75,0.5|350|0.09|0.1
Exp2,2_013_L4_14_g,Exp2:2_013_L4_14_g,6,0,0.5,350.0,0.09,0.1,137.8,89.44,79.55,182.5282337,0.674,0.0056920997883030885,-0.05099999999999999,0.05559496380068972,1.4685,0.023338808881346148,90.56666666666666,1.5983324643723746,2.5003333333333333,0.0849886266900852,13,14,15.75,0.5|350|0.09|0.1
Exp2,2_013_L4_15_e,Exp2:2_013_L4_15_e,6,0,0.5,350.0,0.11,0.1,162.2,105.2,86.88,211.9528589,0.6973333333333332,0.0034448028487370197,-0.09949999999999999,0.09105767403135225,1.806,0.0565720779183512,107.48333333333333,3.3174789625055126,3.145666666666667,0.23657697831079558,13,15,19.25,0.5|350|0.11|0.1
Exp2,2_013_L4_15_h,Exp2:2_013_L4_15_h,6,0,0.5,350.0,0.11,0.1,161.3,100.5,84.26,207.8886423,0.7521666666666667,0.01506541292718746,-0.2386666666666667,0.045946345520255116,1.5888333333333333,0.03685331283163927,109.98333333333333,1.5816657885491077,3.045666666666667,0.17248381566589557,13,15,19.25,0.5|350|0.11|0.1
Exp2,2_013_L4_16_c,Exp2:2_013_L4_16_c,6,0,0.5,350.0,0.13,0.1,181.3,121.6,89.72,236.0210338,0.9191666666666666,0.037080542966179256,0.4498333333333333,0.1475078528983005,2.1385,0.20190170875948524,130.95,2.1519758362955694,4.575833333333333,0.5695757778089467,13,16,22.75,0.5|350|0.13|0.1
Exp2,2_013_L4_16_d,Exp2:2_013_L4_16_d,6,0,0.5,350.0,0.13,0.1,185.2,117.6,91.08,237.5381367,0.8163333333333332,0.02773926218677537,0.603,0.11140915581764364,2.3378333333333337,0.17746934007503007,129.9333333333333,2.8324312289386007,3.8821666666666665,0.16040874872233954,13,16,22.75,0.5|350|0.13|0.1
Exp2,2_023_L5_17_a,Exp2:2_023_L5_17_a,6,0,0.25,350.0,0.07,0.3,95.69,201.9,101.2,245.2786703,0.5065000000000001,0.05139941633909863,0.8936666666666667,0.12493304873678004,2.7118333333333333,0.16965307738637306,70.16666666666667,1.0984838035522717,2.7761666666666662,0.24473529918396872,23,17,6.125000000000001,0.25|350|0.07|0.3
Exp2,2_023_L5_17_c,Exp2:2_023_L5_17_c,6,0,0.25,350.0,0.07,0.3,94.42,190.1,93.19,231.8135512,0.6441666666666667,0.07260693263502228,0.5713333333333334,0.1193711299547201,2.5496666666666665,0.251031206559397,70.11666666666667,0.8588752334691365,3.564833333333334,0.1699122322455528,23,17,6.125000000000001,0.25|350|0.07|0.3
Exp2,2_023_L5_18_b,Exp2:2_023_L5_18_b,6,0,0.25,350.0,0.09,0.3,107.0,193.4,93.72,240.074985,0.6523333333333333,0.033755987123274385,0.6176666666666667,0.12521128809602858,2.5236666666666663,0.17270630175725102,88.96666666666665,3.299494910841154,3.5071666666666665,0.40299400326390294,23,18,7.875,0.25|350|0.09|0.3
Exp2,2_023_L5_18_g,Exp2:2_023_L5_18_g,6,0,0.25,350.0,0.09,0.3,106.6,173.0,85.26,220.3674831,0.4708333333333334,0.008953584012375511,1.1043333333333332,0.08199430874558716,3.326333333333333,0.1813203426719315,90.14999999999999,0.6715653356152342,2.7285000000000004,0.13263596797249233,23,18,7.875,0.25|350|0.09|0.3
Exp2,2_023_L5_19_e,Exp2:2_023_L5_19_e,6,0,0.25,350.0,0.11,0.3,117.5,187.5,90.15,238.9341384,0.6549999999999999,0.02996664812754338,0.6988333333333334,0.07046535791909857,2.293833333333333,0.11449090211307919,109.31666666666666,3.370113746843964,3.19,0.2956714392700112,23,19,9.625,0.25|350|0.11|0.3
Exp2,2_023_L5_19_f,Exp2:2_023_L5_19_f,6,0,0.25,350.0,0.11,0.3,117.5,182.8,87.15,234.1307594,0.5861666666666666,0.01605511341182824,0.7531666666666669,0.1133762173767791,2.3765,0.22203040332350887,107.48333333333335,1.7826010957773655,3.155,0.21717642597667,23,19,9.625,0.25|350|0.11|0.3
Exp2,2_023_L5_20_d,Exp2:2_023_L5_20_d,6,0,0.25,350.0,0.13,0.3,128.6,191.0,90.33,247.3428166,0.9771666666666666,0.023430037700922883,0.6693333333333333,0.10546026107812681,2.2583333333333333,0.13080316000260334,129.95000000000002,3.8511037378912527,4.3905,0.1411336246257426,23,20,11.375,0.25|350|0.13|0.3
Exp2,2_023_L5_20_h,Exp2:2_023_L5_20_h,6,0,0.25,350.0,0.13,0.3,127.8,181.1,88.08,238.5123401,0.8121666666666667,0.03437683328444703,0.7316666666666668,0.0713797356864444,2.323166666666667,0.12212029588347167,128.95000000000002,3.3464906992250887,3.8626666666666662,0.0963445206883436,23,20,11.375,0.25|350|0.13|0.3
Exp2,2_033_L3_10_f,Exp2:2_033_L3_10_f,6,0,0.25,350.0,0.09,0.1,84.33,83.26,39.29,124.8498322,0.4091666666666667,0.03127565613487055,0.14733333333333332,0.12365543524919019,1.9573333333333334,0.03300101008555144,50.63333333333333,8.92270512045908,1.9591666666666665,0.11743494653069282,33,10,7.875,0.25|350|0.09|0.1
Exp2,2_033_L3_10_h,Exp2:2_033_L3_10_h,6,0,0.25,350.0,0.09,0.1,84.6,81.94,39.65,124.2716625,0.4561666666666668,0.010980285363626342,0.03266666666666667,0.04222637406487404,1.9403333333333335,0.036778616975991246,51.25,4.218886108915479,2.1719999999999997,0.07799487162628063,33,10,7.875,0.25|350|0.09|0.1
Exp2,2_033_L3_11_a,Exp2:2_033_L3_11_a,6,0,0.25,350.0,0.11,0.1,105.6,117.5,51.42,166.1373721,0.4298333333333333,0.019508117968339914,0.46683333333333327,0.2759473983690853,3.2955,0.47613348968540326,102.38333333333334,11.054486268780952,2.8929999999999993,0.3700508073224541,33,11,9.625,0.25|350|0.11|0.1
Exp2,2_033_L3_11_b,Exp2:2_033_L3_11_b,6,0,0.25,350.0,0.11,0.1,106.8,114.0,52.58,164.8238344,0.43733333333333335,0.018832595855767374,0.2953333333333333,0.12166621004480524,2.3818333333333332,0.14444295298375293,54.1,2.6630809225406575,2.428833333333333,0.15885013901997908,33,11,9.625,0.25|350|0.11|0.1
Exp2,2_033_L3_12_d,Exp2:2_033_L3_12_d,6,0,0.25,350.0,0.13,0.1,117.9,107.7,48.52,166.8948483,0.6148333333333333,0.05430807183712811,0.321,0.10493807697875923,2.0995000000000004,0.37874991749174025,60.9,2.334951819631401,2.8641666666666663,0.2476315138803352,33,12,11.375,0.25|350|0.13|0.1
Exp2,2_033_L3_12_e,Exp2:2_033_L3_12_e,6,0,0.25,350.0,0.13,0.1,115.9,106.1,47.52,164.158979,0.5871666666666666,0.018925291719460162,0.3858333333333333,0.09055918874783865,2.0791666666666666,0.11942431354907039,64.55000000000001,4.939939270881781,2.8621666666666665,0.16378695511751432,33,12,11.375,0.25|350|0.13|0.1
Exp2,2_033_L3_9_c,Exp2:2_033_L3_9_c,6,0,0.25,350.0,0.07,0.1,74.01,81.01,39.07,116.4755987,0.49183333333333334,0.05824574376438736,0.24433333333333332,0.059995555390934305,1.8339999999999999,0.05590706574307045,69.76666666666667,0.6531972647421815,2.236166666666666,0.2312430899868506,33,9,6.125000000000001,0.25|350|0.07|0.1
Exp2,2_033_L3_9_g,Exp2:2_033_L3_9_g,6,0,0.25,350.0,0.07,0.1,70.45,72.78,38.13,108.2313624,0.474,0.0045166359162544705,0.3796666666666666,0.06007883709482622,1.9654999999999998,0.0553994584811079,37.26666666666666,1.1343133018115705,2.1651666666666665,0.1318338600916573,33,9,6.125000000000001,0.25|350|0.07|0.1
Exp2,2_043_L1_1_e,Exp2:2_043_L1_1_e,6,0,0.25,350.0,0.07,0.0,51.5,45.96,25.9,73.72504052,0.24233333333333337,0.015081998099279386,0.42449999999999993,0.06152966764090311,1.9066666666666665,0.08078778785600382,70.7,0.7348469228349511,1.1585,0.08092898121192432,43,1,6.125000000000001,0.25|350|0.07|0
Exp2,2_043_L1_1_g,Exp2:2_043_L1_1_g,6,0,0.25,350.0,0.07,0.0,55.29,44.64,24.17,75.0593272,0.152,0.009591663046625447,0.26666666666666666,0.1462294999877476,2.3521666666666667,0.12093868970129734,35.11666666666667,3.00760148069299,0.9216666666666665,0.05645765374744745,43,1,6.125000000000001,0.25|350|0.07|0
Exp2,2_043_L1_2_b,Exp2:2_043_L1_2_b,6,0,0.25,350.0,0.09,0.0,63.37,52.39,27.34,86.64839641,0.3618333333333333,0.04512390349544979,0.9845,0.11144998878420756,3.228333333333333,0.22183206861647986,89.91666666666667,2.7235393638915286,2.037333333333333,0.25526038992892464,43,2,7.875,0.25|350|0.09|0
Exp2,2_043_L1_2_f,Exp2:2_043_L1_2_f,6,0,0.25,350.0,0.09,0.0,63.52,49.88,25.1,84.57431525,0.32483333333333336,0.02793146374013841,0.26733333333333337,0.16086474650048926,1.9204999999999999,0.14061401068172408,80.25,3.394554462665168,1.5523333333333333,0.1788101413977033,43,2,7.875,0.25|350|0.09|0
Exp2,2_043_L1_3_c,Exp2:2_043_L1_3_c,6,0,0.25,350.0,0.11,0.0,70.71,56.16,26.94,94.23170008,0.5385,0.05444538547939578,1.1631666666666665,0.17669002990170857,3.6395,0.35954401677680564,109.65000000000002,1.9685019685029492,3.0084999999999997,0.21095568254967687,43,3,9.625,0.25|350|0.11|0
Exp2,2_043_L1_3_h,Exp2:2_043_L1_3_h,6,0,0.25,350.0,0.11,0.0,74.77,54.71,24.75,95.89733834,0.3225,0.010672394295564618,0.9499999999999998,0.0724265144819216,3.1361666666666665,0.15836087479761746,58.28333333333334,4.43144069876453,1.774,0.06138403701289123,43,3,9.625,0.25|350|0.11|0
Exp2,2_043_L1_4_a,Exp2:2_043_L1_4_a,6,0,0.25,350.0,0.13,0.0,80.23,61.8,28.33,105.1602672,1.0586666666666666,0.016872067646458395,0.9945,0.06741142336429337,2.7718333333333334,0.10032231390207591,129.63333333333335,1.8618986725025255,4.932166666666666,0.4214643124472897,43,4,11.375,0.25|350|0.13|0
Exp2,2_043_L1_4_d,Exp2:2_043_L1_4_d,6,0,0.25,350.0,0.13,0.0,79.98,61.15,26.48,104.1024174,0.8803333333333333,0.04952036618066013,0.8071666666666667,0.06136258360488634,2.5509999999999997,0.07748806359691787,130.25000000000003,3.6059672766124797,4.114333333333334,0.2574775071082261,43,4,11.375,0.25|350|0.13|0
Exp2,2_053_L1_5_e,Exp2:2_053_L1_5_e,6,0,0.5,350.0,0.07,0.0,104.3,55.74,60.61,132.8872067,0.46116666666666667,0.016388003742575437,0.5228333333333334,0.06662557066672425,2.146833333333333,0.1079581709120096,70.71666666666668,0.6493586579592695,2.2031666666666667,0.09163932925696622,53,5,12.250000000000002,0.5|350|0.07|0
Exp2,2_053_L1_5_h,Exp2:2_053_L1_5_h,6,0,0.5,350.0,0.07,0.0,111.5,55.01,62.36,139.093924,0.3463333333333333,0.010385887861259933,0.2841666666666666,0.0698667779897332,1.9006666666666667,0.10596162827489326,70.75,1.1827933040053982,1.6908333333333332,0.1762582385781348,53,5,12.250000000000002,0.5|350|0.07|0
Exp2,2_053_L1_6_c,Exp2:2_053_L1_6_c,6,0,0.5,350.0,0.09,0.0,125.1,65.95,67.73,156.8016754,0.8468333333333334,0.08118969556949124,0.7093333333333334,0.08552816300299373,2.299,0.16738339224666232,90.36666666666667,0.8115828156551035,3.7146666666666666,0.209523904761883,53,6,15.75,0.5|350|0.09|0
Exp2,2_053_L1_6_f,Exp2:2_053_L1_6_f,6,0,0.5,350.0,0.09,0.0,128.2,64.97,65.88,158.102863,0.6278333333333334,0.03223300585838475,0.4649999999999999,0.02496397404260788,2.019333333333334,0.07280018314995278,90.38333333333333,0.7305249254246349,2.827,0.10823677748344132,53,6,15.75,0.5|350|0.09|0
Exp2,2_053_L1_7_b,Exp2:2_053_L1_7_b,6,0,0.5,350.0,0.11,0.0,148.5,75.7,74.01,182.3738471,1.1048333333333336,0.015471479136354974,0.759,0.04304880950734875,2.4491666666666667,0.06731245550911574,110.51666666666667,0.8841191473249875,5.011666666666667,0.2644281881091096,53,7,19.25,0.5|350|0.11|0
Exp2,2_053_L1_7_d,Exp2:2_053_L1_7_d,6,0,0.5,350.0,0.11,0.0,153.3,74.33,73.5,185.5480771,1.0898333333333334,0.11265419063073805,0.5423333333333333,0.0689772909490266,2.0818333333333334,0.08875903709857749,108.88333333333333,1.0998484744121195,4.782333333333333,0.4799431910827225,53,7,19.25,0.5|350|0.11|0
Exp2,2_053_L1_8_a,Exp2:2_053_L1_8_a,6,0,0.5,350.0,0.13,0.0,168.0,86.76,79.87,205.2571911,1.631,0.04358440087921367,0.6703333333333333,0.06897439138308267,2.2083333333333335,0.09092341099335573,129.3166666666667,1.81594787003005,6.817333333333333,0.608915976688629,53,8,22.75,0.5|350|0.13|0
Exp2,2_053_L1_8_g,Exp2:2_053_L1_8_g,6,0,0.5,350.0,0.13,0.0,174.1,84.62,76.44,208.1211859,1.0241666666666667,0.02294704047729616,0.5976666666666667,0.10401858808245126,2.3928333333333334,0.12003069051982768,130.53333333333333,1.1518101695447343,4.978666666666666,0.32897760815390853,53,8,22.75,0.5|350|0.13|0
Exp2,2_081_L6_21_b,Exp2:2_081_L6_21_b,6,0,0.5,350.0,0.07,0.3,170.1,224.2,198.1,344.1558659,0.42416666666666664,0.031694899694851016,0.7018333333333334,0.49119544650440994,2.9576666666666664,0.6124389493383537,70.46666666666667,1.902279334552803,2.486333333333333,0.08686925040925958,81,21,12.250000000000002,0.5|350|0.07|0.3
Exp2,2_081_L6_21_e,Exp2:2_081_L6_21_e,6,0,0.5,350.0,0.07,0.3,168.7,217.0,179.0,328.0086737,0.5063333333333333,0.02312286026136617,0.3316666666666667,0.10202287325235782,3.0701666666666667,0.14839867474700263,59.78333333333333,3.8607857576750697,3.1443333333333334,0.16432244723916042,81,21,12.250000000000002,0.5|350|0.07|0.3
Exp2,2_081_L6_22_c,Exp2:2_081_L6_22_c,6,0,0.5,350.0,0.13,0.3,230.0,232.0,189.2,377.5190591,0.8953333333333333,0.03295249105404125,0.5951666666666666,0.08665429398862277,2.5189999999999997,0.147701049420781,130.0,2.351169921549702,4.687333333333333,0.258002842361604,81,24,22.75,0.5|350|0.13|0.3
Exp2,2_081_L6_22_d,Exp2:2_081_L6_22_d,6,0,0.5,350.0,0.09,0.3,195.0,229.7,190.6,356.5325371,0.4836666666666667,0.016705288583758932,0.8441666666666667,0.062294194486056755,3.5254999999999996,0.04770220120707216,70.21666666666667,15.976910423065737,3.183833333333333,0.11850808692518279,81,22,15.75,0.5|350|0.09|0.3
Exp2,2_081_L6_22_h,Exp2:2_081_L6_22_h,6,0,0.5,350.0,0.09,0.3,195.1,221.2,174.9,342.9044473,0.47783333333333333,0.0072778201864752414,0.9631666666666666,0.07246355405765482,3.6895000000000002,0.20391934680162152,81.45,6.58809532414339,3.1090000000000004,0.0799049435266681,81,22,15.75,0.5|350|0.09|0.3
Exp2,2_081_L6_23_a,Exp2:2_081_L6_23_a,6,0,0.5,350.0,0.11,0.3,213.5,243.7,206.6,384.2596778,0.633,0.041070670800462984,0.4096666666666667,0.07352731918590986,2.9124999999999996,0.13616130140388652,109.28333333333335,1.7848435972562584,3.9903333333333335,0.3260721801483019,81,23,19.25,0.5|350|0.11|0.3
Exp2,2_081_L6_23_f,Exp2:2_081_L6_23_f,6,0,0.5,350.0,0.11,0.3,209.9,226.3,178.9,356.7560932,0.7316666666666668,0.009892758294159766,0.5618333333333334,0.03957482364669065,2.459166666666667,0.0772409649516801,107.06666666666668,4.896393230395888,3.9186666666666667,0.14132043966343524,81,23,19.25,0.5|350|0.11|0.3
Exp2,2_081_L6_24_g,Exp2:2_081_L6_24_g,6,0,0.5,350.0,0.13,0.3,228.3,221.4,172.0,361.5561505,0.8361666666666666,0.016388003742575423,0.5128333333333334,0.06253772194976938,2.276666666666667,0.05914952803418357,128.86666666666665,4.185052767488917,4.3075,0.11159345858965032,81,24,22.75,0.5|350|0.13|0.3
